codigo_dane,a√±o,robo_vehiculos_polinal
19001,2019,1371.0
19001,2020,798.0
19001,2021,955.0
19001,2022,1217.0
19001,2023,1668.0
19022,2019,4.0
19022,2020,1.0
19022,2021,2.0
19022,2022,1.0
19022,2023,3.0
19050,2019,18.0
19050,2020,18.0
19050,2021,10.0
19050,2022,4.0
19050,2023,29.0
19075,2019,19.0
19075,2020,6.0
19075,2021,19.0
19075,2022,13.0
19075,2023,11.0
19100,2019,11.0
19100,2020,3.0
19100,2021,4.0
19100,2022,11.0
19100,2023,9.0
19110,2019,22.0
19110,2020,8.0
19110,2021,4.0
19110,2022,9.0
19110,2023,9.0
19130,2019,59.0
19130,2020,23.0
19130,2021,24.0
19130,2022,54.0
19130,2023,72.0
19137,2019,17.0
19137,2020,13.0
19137,2021,26.0
19137,2022,15.0
19137,2023,25.0
19142,2019,90.0
19142,2020,57.0
19142,2021,47.0
19142,2022,44.0
19142,2023,91.0
19212,2019,58.0
19212,2020,50.0
19212,2021,49.0
19212,2022,33.0
19212,2023,67.0
19256,2019,105.0
19256,2020,37.0
19256,2021,49.0
19256,2022,78.0
19256,2023,139.0
19290,2019,4.0
19290,2020,1.0
19290,2021,7.0
19290,2022,3.0
19300,2019,49.0
19300,2020,30.0
19300,2021,40.0
19300,2022,50.0
19300,2023,43.0
19318,2023,2.0
19355,2019,10.0
19355,2020,14.0
19355,2021,17.0
19355,2022,7.0
19355,2023,16.0
19364,2019,2.0
19364,2021,2.0
19364,2022,1.0
19364,2023,7.0
19392,2019,20.0
19392,2020,4.0
19392,2021,11.0
19392,2022,9.0
19392,2023,16.0
19397,2019,9.0
19397,2020,3.0
19397,2021,2.0
19397,2022,4.0
19397,2023,1.0
19450,2019,32.0
19450,2020,19.0
19450,2021,17.0
19450,2022,16.0
19450,2023,18.0
19455,2019,62.0
19455,2020,43.0
19455,2021,37.0
19455,2022,29.0
19455,2023,76.0
19473,2019,21.0
19473,2020,16.0
19473,2021,24.0
19473,2022,39.0
19473,2023,45.0
19513,2019,19.0
19513,2020,32.0
19513,2021,17.0
19513,2022,20.0
19513,2023,26.0
19517,2019,13.0
19517,2020,6.0
19517,2021,30.0
19517,2022,21.0
19517,2023,42.0
19532,2019,62.0
19532,2020,47.0
19532,2021,40.0
19532,2022,47.0
19532,2023,77.0
19533,2019,2.0
19533,2021,2.0
19533,2022,3.0
19533,2023,2.0
19548,2019,81.0
19548,2020,76.0
19548,2021,57.0
19548,2022,87.0
19548,2023,112.0
19573,2019,240.0
19573,2020,143.0
19573,2021,148.0
19573,2022,209.0
19573,2023,251.0
19585,2019,23.0
19585,2020,8.0
19585,2021,14.0
19585,2022,8.0
19585,2023,20.0
19622,2019,21.0
19622,2020,26.0
19622,2021,10.0
19622,2022,22.0
19622,2023,17.0
19693,2019,1.0
19693,2021,1.0
19693,2022,1.0
19693,2023,1.0
19698,2019,361.0
19698,2020,254.0
19698,2021,281.0
19698,2022,243.0
19698,2023,419.0
19701,2021,3.0
19701,2022,1.0
19701,2023,6.0
19743,2019,17.0
19743,2020,13.0
19743,2021,13.0
19743,2022,13.0
19743,2023,41.0
19760,2019,20.0
19760,2020,6.0
19760,2021,14.0
19760,2022,9.0
19760,2023,15.0
19780,2019,22.0
19780,2020,12.0
19780,2021,15.0
19780,2022,17.0
19780,2023,17.0
19785,2019,6.0
19785,2020,2.0
19785,2021,1.0
19785,2022,5.0
19785,2023,2.0
19807,2019,138.0
19807,2020,93.0
19807,2021,104.0
19807,2022,154.0
19807,2023,173.0
19821,2019,10.0
19821,2020,6.0
19821,2021,2.0
19821,2022,7.0
19821,2023,4.0
19824,2019,25.0
19824,2020,12.0
19824,2021,23.0
19824,2022,19.0
19824,2023,58.0
19845,2019,177.0
19845,2020,94.0
19845,2021,107.0
19845,2022,163.0
19845,2023,99.0
